{
  "lang":"en",
  "name":"pipeline",
  "version":"0.0.0",
  "spacy_version":">=3.1.3,<3.2.0",
  "description":"",
  "author":"",
  "email":"",
  "url":"",
  "license":"",
  "spacy_git_version":"8bda39f08",
  "vectors":{
    "width":0,
    "vectors":0,
    "keys":0,
    "name":null
  },
  "labels":{
    "tok2vec":[

    ],
    "textcat_multilabel":[
      "ISCAS",
      "INFOCOM",
      "VLDB",
      "WWW",
      "SIGGRAPH"
    ]
  },
  "pipeline":[
    "tok2vec",
    "textcat_multilabel"
  ],
  "components":[
    "tok2vec",
    "textcat_multilabel"
  ],
  "disabled":[

  ],
  "performance":{
    "cats_score":0.9478695904,
    "cats_score_desc":"macro AUC",
    "cats_micro_p":0.9032258065,
    "cats_micro_r":0.6117179742,
    "cats_micro_f":0.7294256957,
    "cats_macro_p":0.9129278999,
    "cats_macro_r":0.5685895458,
    "cats_macro_f":0.6853726584,
    "cats_macro_auc":0.9478695904,
    "cats_f_per_type":{
      "ISCAS":{
        "p":0.9045936396,
        "r":0.7641791045,
        "f":0.8284789644
      },
      "INFOCOM":{
        "p":0.9197080292,
        "r":0.5915492958,
        "f":0.72
      },
      "VLDB":{
        "p":0.847826087,
        "r":0.6882352941,
        "f":0.7597402597
      },
      "WWW":{
        "p":0.9350649351,
        "r":0.4528301887,
        "f":0.6101694915
      },
      "SIGGRAPH":{
        "p":0.9574468085,
        "r":0.3461538462,
        "f":0.5084745763
      }
    },
    "cats_macro_auc_per_type":0.0,
    "tok2vec_loss":0.0,
    "textcat_multilabel_loss":0.0026956542
  }
}