{
  "lang":"en",
  "name":"pipeline",
  "version":"0.0.0",
  "spacy_version":">=3.1.3,<3.2.0",
  "description":"",
  "author":"",
  "email":"",
  "url":"",
  "license":"",
  "spacy_git_version":"8bda39f08",
  "vectors":{
    "width":0,
    "vectors":0,
    "keys":0,
    "name":null
  },
  "labels":{
    "tok2vec":[

    ],
    "textcat_multilabel":[
      "ISCAS",
      "INFOCOM",
      "VLDB",
      "WWW",
      "SIGGRAPH"
    ]
  },
  "pipeline":[
    "tok2vec",
    "textcat_multilabel"
  ],
  "components":[
    "tok2vec",
    "textcat_multilabel"
  ],
  "disabled":[

  ],
  "performance":{
    "cats_score":0.9466063179,
    "cats_score_desc":"macro AUC",
    "cats_micro_p":0.8916323731,
    "cats_micro_r":0.6454816286,
    "cats_micro_f":0.7488479263,
    "cats_macro_p":0.8923758767,
    "cats_macro_r":0.6135243348,
    "cats_macro_f":0.7189018683,
    "cats_macro_auc":0.9466063179,
    "cats_f_per_type":{
      "ISCAS":{
        "p":0.9039145907,
        "r":0.7582089552,
        "f":0.8246753247
      },
      "INFOCOM":{
        "p":0.9172413793,
        "r":0.6244131455,
        "f":0.7430167598
      },
      "VLDB":{
        "p":0.843537415,
        "r":0.7294117647,
        "f":0.7823343849
      },
      "WWW":{
        "p":0.8617021277,
        "r":0.5094339623,
        "f":0.6403162055
      },
      "SIGGRAPH":{
        "p":0.935483871,
        "r":0.4461538462,
        "f":0.6041666667
      }
    },
    "cats_macro_auc_per_type":0.0,
    "tok2vec_loss":0.0,
    "textcat_multilabel_loss":0.0007982712
  }
}